m,p,speedup_arraycache,speedup_splay,speedup_presplay
1,0.500000,1.190831,0.367803,1.281876
1,0.520000,1.386362,0.376919,1.459367
1,0.540000,1.235535,0.460855,1.422746
1,0.560000,1.297526,0.327316,1.451537
1,0.580000,1.343023,0.462295,1.372880
1,0.600000,1.462369,0.422800,1.418169
1,0.620000,1.161409,0.458698,1.221057
1,0.640000,1.542782,0.491473,1.643124
1,0.660000,1.468817,0.443717,1.583631
1,0.680000,1.554091,0.559148,1.818236
1,0.700000,1.725090,0.515466,1.562563
1,0.720000,1.633775,0.566068,1.741918
1,0.740000,1.794349,0.584497,1.628208
1,0.760000,2.040968,0.629297,1.839568
1,0.780000,2.076297,0.632769,1.132386
1,0.800000,2.191020,0.716657,2.145469
1,0.820000,2.475937,0.821054,1.816309
1,0.840000,2.757715,0.953220,2.822285
1,0.860000,2.882348,1.039378,3.210767
1,0.880000,3.160257,0.894467,2.795671
1,0.900000,3.523629,1.154952,3.326554
1,0.920000,4.442293,1.626884,4.332803
1,0.940000,5.104882,1.547489,4.037996
1,0.960000,7.033414,2.486512,6.089798
1,0.980000,10.076680,3.391475,6.681247
1,1.000000,46.073193,12.366123,15.243497
11,0.500000,1.415562,0.466117,1.568864
11,0.520000,1.441117,0.460827,1.511144
11,0.540000,1.692825,0.494239,1.742399
11,0.560000,1.836814,0.505455,1.888495
11,0.580000,1.749345,0.550611,1.762346
11,0.600000,1.483976,0.472307,1.627106
11,0.620000,1.851292,0.502692,1.863113
11,0.640000,1.658835,0.567436,1.812282
11,0.660000,2.017040,0.498953,1.919020
11,0.680000,2.217958,0.636273,2.236097
11,0.700000,1.926030,0.439865,1.962437
11,0.720000,1.996153,0.550584,1.797048
11,0.740000,1.557353,0.620408,2.076262
11,0.760000,2.306108,0.653438,1.040340
11,0.780000,2.296003,0.685383,2.470274
11,0.800000,2.222965,0.715525,2.540016
11,0.820000,2.668749,0.773330,2.029578
11,0.840000,2.588987,0.741472,2.635566
11,0.860000,3.088382,0.867657,2.840339
11,0.880000,2.800363,0.765133,2.953297
11,0.900000,2.797250,0.903462,3.140871
11,0.920000,1.457360,0.997266,3.727271
11,0.940000,4.189448,1.131856,3.499061
11,0.960000,3.949263,1.211180,4.776501
11,0.980000,5.173103,1.540014,5.245551
11,1.000000,5.810469,1.550812,5.824911
21,0.500000,1.301760,0.535237,1.981932
21,0.520000,1.451790,0.440739,1.618437
21,0.540000,1.485162,0.499616,1.772574
21,0.560000,1.525538,0.503535,1.497021
21,0.580000,1.574373,0.485277,1.753677
21,0.600000,1.669474,0.459838,1.697407
21,0.620000,1.843329,0.523443,1.939292
21,0.640000,1.579263,0.494099,1.624187
21,0.660000,1.827710,0.404004,1.773899
21,0.680000,1.798221,0.498631,1.826647
21,0.700000,1.705284,0.551906,1.958635
21,0.720000,2.300351,0.619039,2.261121
21,0.740000,2.186413,0.661016,2.117645
21,0.760000,2.186666,0.643124,2.233301
21,0.780000,1.478360,0.631612,2.069069
21,0.800000,2.354276,0.645756,2.239118
21,0.820000,2.638052,0.721377,2.485639
21,0.840000,1.784494,0.693653,2.403237
21,0.860000,4.448864,1.274400,4.352726
21,0.880000,2.659700,0.768193,2.633395
21,0.900000,2.192125,0.701012,2.326890
21,0.920000,3.110938,0.950861,3.257135
21,0.940000,3.483975,0.985698,2.811427
21,0.960000,3.793316,0.956674,3.022976
21,0.980000,3.697448,1.073790,3.371652
21,1.000000,4.280255,1.187479,3.921596
31,0.500000,1.377835,0.458470,1.691312
31,0.520000,1.319148,0.442559,1.624903
31,0.540000,1.525957,0.526860,1.942901
31,0.560000,1.635196,0.551704,1.976394
31,0.580000,1.573505,0.394036,1.596963
31,0.600000,1.572355,0.499351,1.814186
31,0.620000,1.152039,0.545060,1.918357
31,0.640000,1.322076,0.490967,1.582660
31,0.660000,1.593206,0.446595,1.783808
31,0.680000,1.686586,0.509265,1.895984
31,0.700000,1.477382,0.519744,1.636934
31,0.720000,1.882214,0.523527,2.051822
31,0.740000,1.942697,0.587435,2.076090
31,0.760000,2.025991,0.628410,2.068125
31,0.780000,2.207630,0.697935,2.291002
31,0.800000,2.083195,0.656350,2.322363
31,0.820000,2.454175,0.697726,2.014448
31,0.840000,2.498074,0.538252,2.497734
31,0.860000,2.593038,0.797983,2.673874
31,0.880000,2.585020,0.708362,1.911927
31,0.900000,2.922598,0.797561,2.717380
31,0.920000,2.868014,0.863265,3.080781
31,0.940000,3.260410,0.966131,3.131464
31,0.960000,4.403159,1.099539,3.527114
31,0.980000,3.453641,0.964032,3.255432
31,1.000000,4.086011,1.023555,3.397073
41,0.500000,1.271918,0.429020,1.307142
41,0.520000,1.226321,0.376554,1.630832
41,0.540000,1.222517,0.465091,1.695746
41,0.560000,1.310859,0.488031,1.771157
41,0.580000,1.430333,0.514232,1.841644
41,0.600000,1.197828,0.479932,1.500325
41,0.620000,1.469050,0.519121,1.620556
41,0.640000,1.704349,0.536918,1.949534
41,0.660000,1.972031,0.618630,2.256042
41,0.680000,1.800063,0.571458,2.113241
41,0.700000,1.712159,0.601633,1.689318
41,0.720000,1.800499,0.481937,2.002129
41,0.740000,1.803423,0.589057,2.117103
41,0.760000,1.705347,0.646589,2.056405
41,0.780000,1.995278,0.553026,2.172452
41,0.800000,2.206359,0.634160,2.189561
41,0.820000,2.138026,0.534843,2.357356
41,0.840000,2.414839,0.732918,2.251648
41,0.860000,2.328948,0.698182,2.478970
41,0.880000,2.642352,0.773970,2.517389
41,0.900000,2.804613,0.803051,2.798708
41,0.920000,2.535142,0.751829,2.718775
41,0.940000,2.682526,0.811270,2.971760
41,0.960000,2.999221,0.915598,2.496531
41,0.980000,3.477595,0.814957,3.131270
41,1.000000,3.564903,0.918489,3.425081
51,0.500000,1.208492,0.456503,1.702041
51,0.520000,1.244231,0.455862,1.774931
51,0.540000,1.684883,0.565615,2.122396
51,0.560000,1.286375,0.457214,1.690327
51,0.580000,1.463919,0.494345,1.811588
51,0.600000,1.427828,0.498291,1.935034
51,0.620000,1.592233,0.507210,1.953818
51,0.640000,1.607909,0.536623,1.844751
51,0.660000,1.378532,0.478120,1.637454
51,0.680000,1.573845,0.476890,1.831250
51,0.700000,1.497810,0.518388,1.880352
51,0.720000,1.649255,0.587403,2.108845
51,0.740000,1.268663,0.545031,1.807745
51,0.760000,1.707413,0.447954,2.061117
51,0.780000,1.777131,0.631407,2.132164
51,0.800000,1.935617,0.535719,2.120225
51,0.820000,1.968126,0.624632,2.250216
51,0.840000,2.096280,0.548730,2.183702
51,0.860000,2.321526,0.681034,2.328190
51,0.880000,2.476256,0.685950,2.597412
51,0.900000,2.621246,0.871462,2.170627
51,0.920000,2.641939,0.710455,2.679719
51,0.940000,1.967470,0.881576,3.180798
51,0.960000,2.729567,0.864346,2.982868
51,0.980000,3.353764,0.823497,2.933195
51,1.000000,3.238285,0.820166,3.113589
61,0.500000,0.741716,0.429516,1.587085
61,0.520000,1.232913,0.438019,1.788109
61,0.540000,1.410158,0.480374,1.864440
61,0.560000,1.251738,0.374948,1.623952
61,0.580000,1.218491,0.432099,1.672590
61,0.600000,1.223270,0.473138,1.818305
61,0.620000,1.599543,0.557673,2.140970
61,0.640000,1.536837,0.519654,1.982552
61,0.660000,1.555145,0.531683,2.038458
61,0.680000,1.069894,0.539736,2.041011
61,0.700000,1.419483,0.551660,1.444474
61,0.720000,1.633119,0.548009,2.089490
61,0.740000,1.990221,0.674149,2.554430
61,0.760000,1.772407,0.645109,1.874641
61,0.780000,1.795205,0.588625,2.236709
61,0.800000,1.845629,0.693598,2.346676
61,0.820000,1.677670,0.584908,2.239143
61,0.840000,2.121886,0.678215,2.375686
61,0.860000,2.062373,0.528574,2.208261
61,0.880000,2.195242,0.769616,2.449128
61,0.900000,2.087746,0.676244,2.419042
61,0.920000,1.669557,0.637984,2.425888
61,0.940000,2.768460,0.846809,1.371706
61,0.960000,2.505052,0.757877,2.835041
61,0.980000,2.835180,0.798983,2.851913
61,1.000000,3.099540,0.939819,3.392202
71,0.500000,1.054108,0.430418,1.484271
71,0.520000,1.159438,0.472488,1.390603
71,0.540000,0.981847,0.405118,1.439345
71,0.560000,1.175009,0.485091,1.782650
71,0.580000,1.138892,0.441946,1.619458
71,0.600000,1.076055,0.454920,1.686130
71,0.620000,1.286451,0.518669,1.770405
71,0.640000,1.082642,0.454865,1.458625
71,0.660000,1.225385,0.494551,1.709399
71,0.680000,1.509244,0.520922,1.900706
71,0.700000,1.625273,0.566973,2.108580
71,0.720000,1.683139,0.611915,2.215894
71,0.740000,1.543851,0.558619,1.958882
71,0.760000,1.579009,0.521507,2.024141
71,0.780000,1.873581,0.590018,2.293202
71,0.800000,1.789770,0.627220,1.967831
71,0.820000,1.937714,0.562157,2.147710
71,0.840000,1.983473,0.644055,2.040802
71,0.860000,1.778540,0.602271,2.149944
71,0.880000,2.372609,0.752330,2.452524
71,0.900000,2.021360,0.695957,2.502271
71,0.920000,2.220498,0.771978,2.629432
71,0.940000,2.388567,0.620866,2.438735
71,0.960000,2.485165,0.813114,3.029042
71,0.980000,2.816664,0.807551,2.859177
71,1.000000,3.305085,0.884820,3.333106
81,0.500000,1.001265,0.436200,1.667879
81,0.520000,1.187852,0.459613,1.674736
81,0.540000,1.155896,0.463577,1.634837
81,0.560000,1.327129,0.425743,1.892128
81,0.580000,1.115003,0.441063,1.711671
81,0.600000,1.305007,0.498763,1.817290
81,0.620000,1.178631,0.476254,1.722905
81,0.640000,1.451967,0.527339,1.936375
81,0.660000,1.528703,0.452834,2.080631
81,0.680000,1.277311,0.497927,1.831295
81,0.700000,1.459540,0.564214,2.034444
81,0.720000,1.585180,0.606235,2.171957
81,0.740000,1.524539,0.554310,2.003107
81,0.760000,1.629719,0.529001,2.066471
81,0.780000,1.716179,0.586602,2.063883
81,0.800000,1.549600,0.529918,1.638321
81,0.820000,1.782903,0.550158,2.200838
81,0.840000,1.950397,0.583295,2.355631
81,0.860000,1.980152,0.682191,2.158200
81,0.880000,1.999323,0.562015,2.220064
81,0.900000,2.191890,0.732683,2.465217
81,0.920000,2.191608,0.695843,2.516844
81,0.940000,1.947974,0.642645,2.549745
81,0.960000,2.710580,0.780265,2.598834
81,0.980000,2.479372,0.784132,2.924380
81,1.000000,2.634712,0.733409,3.141626
91,0.500000,1.125022,0.460759,1.680267
91,0.520000,1.037224,0.424000,1.546043
91,0.540000,1.229500,0.431317,1.586175
91,0.560000,1.041059,0.443233,1.335814
91,0.580000,1.137094,0.383694,1.715150
91,0.600000,1.246231,0.497709,1.806002
91,0.620000,1.145547,0.479684,1.786336
91,0.640000,1.002577,0.485358,1.707197
91,0.660000,0.789459,0.475753,1.777387
91,0.680000,1.083836,0.484335,1.108054
91,0.700000,1.236316,0.515066,1.561068
91,0.720000,1.391844,0.550617,1.582467
91,0.740000,1.614207,0.430162,1.687995
91,0.760000,1.295558,0.520441,1.981659
91,0.780000,1.626912,0.613555,2.200725
91,0.800000,1.742738,0.678421,2.199125
91,0.820000,1.521674,0.572199,2.070926
91,0.840000,1.813736,0.667057,2.417433
91,0.860000,1.377466,0.632226,2.074163
91,0.880000,1.762393,0.469555,2.140481
91,0.900000,1.963215,0.711783,2.232335
91,0.920000,2.223966,0.627061,2.510238
91,0.940000,2.446280,0.808585,1.722820
91,0.960000,2.475376,0.738957,2.635260
91,0.980000,2.541166,0.837962,2.928332
91,1.000000,2.886997,0.865373,2.548435
101,0.500000,1.008449,0.432666,1.492016
101,0.520000,0.841578,0.404678,1.494432
101,0.540000,1.144955,0.465490,1.768333
101,0.560000,1.123261,0.443605,1.715632
101,0.580000,1.209686,0.461526,1.727982
101,0.600000,1.131125,0.388414,1.563684
101,0.620000,1.241082,0.442351,1.528318
101,0.640000,1.125552,0.465024,1.309685
101,0.660000,1.388920,0.536360,1.846519
101,0.680000,1.337635,0.488809,1.807239
101,0.700000,1.242067,0.440779,1.821257
101,0.720000,1.550581,0.565174,2.077705
101,0.740000,1.725030,0.638724,2.337131
101,0.760000,1.368103,0.552454,1.946483
101,0.780000,1.422533,0.516567,1.776235
101,0.800000,1.441768,0.536938,2.002058
101,0.820000,1.630378,0.656336,2.378251
101,0.840000,1.242753,0.593057,1.987051
101,0.860000,1.812362,0.632386,2.380392
101,0.880000,2.015987,0.709806,2.210370
101,0.900000,2.080523,0.629756,2.556820
101,0.920000,2.265290,0.724794,2.556946
101,0.940000,2.035975,0.718929,2.544822
101,0.960000,2.430113,0.827377,2.656200
101,0.980000,2.438553,0.654538,2.725527
101,1.000000,2.617771,0.784054,2.815373
111,0.500000,1.050240,0.451375,1.312361
111,0.520000,0.915139,0.426623,1.431824
111,0.540000,1.002275,0.430314,1.675842
111,0.560000,0.844092,0.435361,1.698507
111,0.580000,1.072933,0.450646,1.737004
111,0.600000,1.276777,0.529021,2.019017
111,0.620000,1.237969,0.494462,1.921022
111,0.640000,1.334091,0.560864,2.093172
111,0.660000,1.146235,0.540596,1.950869
111,0.680000,1.232054,0.481748,1.832737
111,0.700000,1.149612,0.517199,1.741918
111,0.720000,1.377796,0.568097,1.873560
111,0.740000,1.367600,0.504454,1.789950
111,0.760000,1.399043,0.510484,2.061014
111,0.780000,1.495774,0.585237,2.213028
111,0.800000,1.423743,0.608166,1.011806
111,0.820000,1.660214,0.614321,2.245433
111,0.840000,1.822135,0.628916,2.387455
111,0.860000,1.989627,0.725739,2.666925
111,0.880000,1.596937,0.608344,2.379532
111,0.900000,1.619222,0.635785,2.359407
111,0.920000,1.579485,0.712128,2.356017
111,0.940000,2.398326,0.746338,2.818080
111,0.960000,2.375485,0.833723,3.050303
111,0.980000,2.567075,0.815543,3.257368
111,1.000000,2.122003,0.720451,3.000052
121,0.500000,1.000352,0.405962,1.685313
121,0.520000,1.082056,0.447214,1.446331
121,0.540000,0.906131,0.426119,1.590854
121,0.560000,0.665631,0.436379,1.655672
121,0.580000,1.189212,0.458680,1.778053
121,0.600000,1.067526,0.461669,1.832320
121,0.620000,1.370842,0.559235,2.087369
121,0.640000,1.182149,0.408099,1.668093
121,0.660000,1.265708,0.497965,1.860533
121,0.680000,1.161405,0.446490,1.801802
121,0.700000,1.225903,0.466566,1.912577
121,0.720000,1.462892,0.557321,2.162895
121,0.740000,1.455823,0.543843,2.094763
121,0.760000,1.328806,0.552546,1.396564
121,0.780000,1.332933,0.556438,1.641790
121,0.800000,1.509137,0.622675,2.235973
121,0.820000,1.742007,0.635752,2.464181
121,0.840000,1.860309,0.691773,2.485758
121,0.860000,1.710153,0.598820,2.049379
121,0.880000,1.831715,0.591472,2.464374
121,0.900000,2.041074,0.717069,2.757427
121,0.920000,2.040806,0.756679,2.545256
121,0.940000,2.141934,0.711372,2.715188
121,0.960000,1.590346,0.714194,2.740731
121,0.980000,3.230865,1.131688,4.317567
121,1.000000,2.316401,0.784735,3.114833
131,0.500000,1.019940,0.370887,1.673513
131,0.520000,0.986312,0.445964,1.649492
131,0.540000,1.017280,0.465903,1.744069
131,0.560000,1.123449,0.466863,1.813525
131,0.580000,1.053424,0.476847,1.809544
131,0.600000,1.150817,0.449288,1.716811
131,0.620000,1.145139,0.484889,1.482676
131,0.640000,1.093793,0.446104,1.540883
131,0.660000,1.182231,0.497897,1.642254
131,0.680000,1.327824,0.548146,1.694823
131,0.700000,1.100266,0.472360,1.693554
131,0.720000,1.251224,0.517183,1.983060
131,0.740000,1.533330,0.600583,2.305019
131,0.760000,1.458527,0.470038,2.121697
131,0.780000,1.340864,0.550704,2.113393
131,0.800000,1.186456,0.574523,1.918723
131,0.820000,1.585043,0.617719,2.352079
131,0.840000,1.780727,0.669370,2.488558
131,0.860000,1.696688,0.699408,1.081358
131,0.880000,1.975748,0.691108,2.754855
131,0.900000,1.663046,0.594046,2.261531
131,0.920000,2.067086,0.646553,2.991621
131,0.940000,2.126243,0.836903,2.220767
131,0.960000,1.925573,0.645626,2.676499
131,0.980000,2.281026,0.802024,2.949505
131,1.000000,2.221043,0.818751,3.139477
141,0.500000,0.943253,0.427671,1.329591
141,0.520000,0.823630,0.414425,1.444714
141,0.540000,0.847561,0.394651,1.562878
141,0.560000,1.013622,0.382608,1.706622
141,0.580000,1.033527,0.439009,1.375327
141,0.600000,0.957866,0.453488,1.209810
141,0.620000,0.902973,0.438416,1.559284
141,0.640000,1.046545,0.472683,1.819943
141,0.660000,0.966322,0.540766,1.938691
141,0.680000,1.107963,0.464252,1.777638
141,0.700000,1.321410,0.538301,1.851096
141,0.720000,1.340064,0.556018,2.135096
141,0.740000,1.065304,0.531763,2.015373
141,0.760000,1.241804,0.557823,1.684259
141,0.780000,1.392204,0.578173,2.096052
141,0.800000,1.425936,0.502681,2.087884
141,0.820000,1.450370,0.564587,2.153986
141,0.840000,1.409136,0.602856,2.159478
141,0.860000,1.493807,0.604594,2.346915
141,0.880000,2.050660,0.857158,3.170564
141,0.900000,1.649067,0.679290,2.470157
141,0.920000,1.447751,0.619372,2.412609
141,0.940000,2.441079,0.970114,3.603546
141,0.960000,1.958075,0.740111,2.573755
141,0.980000,2.177102,0.698378,2.652799
141,1.000000,2.297979,0.816932,3.078491
151,0.500000,0.937022,0.425880,1.591232
151,0.520000,0.843083,0.415984,1.437771
151,0.540000,0.974369,0.456389,1.661777
151,0.560000,1.157730,0.508076,1.595059
151,0.580000,0.942872,0.447926,1.367815
151,0.600000,0.846480,0.419713,1.582708
151,0.620000,0.875091,0.474512,1.731500
151,0.640000,1.052831,0.480796,1.795914
151,0.660000,1.249599,0.526302,1.958170
151,0.680000,1.161232,0.450026,1.844882
151,0.700000,1.265157,0.522313,1.908856
151,0.720000,1.237580,0.531181,1.985565
151,0.740000,1.335041,0.460162,1.953746
151,0.760000,1.332879,0.521665,2.002636
151,0.780000,1.335126,0.481613,2.121370
151,0.800000,1.467114,0.573725,2.098364
151,0.820000,1.447214,0.611183,1.656529
151,0.840000,1.374512,0.583272,2.002738
151,0.860000,1.549990,0.534776,2.104885
151,0.880000,1.708050,0.586577,2.308986
151,0.900000,1.574608,0.658071,1.932733
151,0.920000,1.723150,0.556914,2.338225
151,0.940000,1.898677,0.718146,2.658280
151,0.960000,1.721555,0.679155,2.522636
151,0.980000,2.244895,0.737933,2.654012
151,1.000000,2.159073,0.771056,2.806775
161,0.500000,0.909704,0.438506,1.566674
161,0.520000,0.752164,0.411825,1.512692
161,0.540000,0.960828,0.396333,1.717037
161,0.560000,0.957420,0.427861,1.474533
161,0.580000,0.937125,0.437142,1.683528
161,0.600000,0.839648,0.422912,1.564638
161,0.620000,1.014426,0.459961,1.846946
161,0.640000,1.009480,0.470020,1.789785
161,0.660000,1.137575,0.488731,1.892350
161,0.680000,1.201462,0.457475,1.959091
161,0.700000,1.134478,0.446335,1.868401
161,0.720000,1.240852,0.492613,2.052923
161,0.740000,1.321396,0.567841,2.147773
161,0.760000,1.249375,0.542336,2.026958
161,0.780000,1.270792,0.563824,1.966419
161,0.800000,1.411282,0.603306,2.128585
161,0.820000,1.316373,0.601549,2.040862
161,0.840000,1.453806,0.559561,2.151965
161,0.860000,1.556519,0.581889,2.219920
161,0.880000,1.413732,0.595355,1.627431
161,0.900000,1.558408,0.597343,2.337835
161,0.920000,1.683213,0.662726,2.405212
161,0.940000,1.502639,0.617425,2.103284
161,0.960000,1.907081,0.678837,2.544343
161,0.980000,1.967423,0.761785,2.049557
161,1.000000,2.207638,0.756302,2.902435
171,0.500000,1.185035,0.563107,1.965759
171,0.520000,0.755212,0.407805,1.411142
171,0.540000,0.762002,0.321737,1.335712
171,0.560000,0.846018,0.425176,1.410903
171,0.580000,0.941470,0.460388,1.712043
171,0.600000,0.857169,0.432051,1.667267
171,0.620000,1.048722,0.479347,1.843592
171,0.640000,1.306218,0.577772,2.295681
171,0.660000,0.914983,0.445872,1.626326
171,0.680000,1.167463,0.474766,1.841768
171,0.700000,1.041494,0.484127,1.798461
171,0.720000,1.186245,0.521359,1.922536
171,0.740000,1.135012,0.496678,1.866148
171,0.760000,1.174819,0.540271,2.025108
171,0.780000,1.427358,0.612101,2.246867
171,0.800000,1.446370,0.621004,2.404304
171,0.820000,1.358201,0.589897,2.137206
171,0.840000,1.163261,0.566581,2.012697
171,0.860000,1.323945,0.507817,2.217355
171,0.880000,1.494712,0.652548,2.460181
171,0.900000,1.645126,0.716013,1.845998
171,0.920000,1.608082,0.703917,2.611500
171,0.940000,1.827115,0.728185,2.658810
171,0.960000,1.339937,0.729911,2.413943
171,0.980000,1.739606,0.662509,2.636421
171,1.000000,1.911640,0.748771,2.586407
181,0.500000,0.732904,0.403518,1.498617
181,0.520000,0.606895,0.442075,1.599830
181,0.540000,0.954234,0.429119,1.334718
181,0.560000,0.905198,0.439480,1.608896
181,0.580000,0.740420,0.417391,1.532965
181,0.600000,0.987539,0.463588,1.611807
181,0.620000,0.999925,0.452903,1.564412
181,0.640000,0.906001,0.470028,1.647208
181,0.660000,0.913557,0.438027,1.698849
181,0.680000,1.107167,0.525692,1.968329
181,0.700000,0.990242,0.518734,2.000173
181,0.720000,1.178895,0.514058,2.017552
181,0.740000,1.199274,0.533164,2.039809
181,0.760000,1.146635,0.550180,2.016428
181,0.780000,1.123682,0.561135,2.090707
181,0.800000,0.897626,0.572553,2.210734
181,0.820000,1.140134,0.553368,1.809287
181,0.840000,1.212385,0.594840,2.214661
181,0.860000,1.323915,0.587751,2.069697
181,0.880000,1.615167,0.698708,2.637878
181,0.900000,1.129737,0.664436,2.373155
181,0.920000,1.661675,0.691878,2.519786
181,0.940000,1.810158,0.679820,2.701699
181,0.960000,1.857360,0.758926,1.964428
181,0.980000,1.889284,0.698361,2.723998
181,1.000000,1.901162,0.813437,2.620096
191,0.500000,0.694610,0.376684,1.408627
191,0.520000,0.817005,0.426038,1.614715
191,0.540000,0.959582,0.393596,1.679134
191,0.560000,0.899343,0.454068,1.667100
191,0.580000,0.919587,0.468080,1.764687
191,0.600000,0.953394,0.382680,1.668981
191,0.620000,0.832234,0.452973,1.347273
191,0.640000,0.944767,0.490720,1.879977
191,0.660000,1.000792,0.477186,1.863288
191,0.680000,1.097963,0.507095,1.983076
191,0.700000,1.083638,0.539612,2.033787
191,0.720000,1.208915,0.567866,2.098648
191,0.740000,1.117744,0.435873,1.997166
191,0.760000,1.271093,0.569740,2.139645
191,0.780000,1.270742,0.412370,2.126666
191,0.800000,1.323651,0.551429,2.293519
191,0.820000,1.392745,0.575219,2.192772
191,0.840000,1.343857,0.558672,2.109445
191,0.860000,1.087031,0.578666,1.881581
191,0.880000,1.304658,0.481372,2.142388
191,0.900000,1.401052,0.581740,2.222643
191,0.920000,1.649155,0.732728,2.695511
191,0.940000,1.460082,0.676496,2.452992
191,0.960000,1.783284,0.709118,2.697347
191,0.980000,1.810199,0.784210,2.093672
191,1.000000,1.733871,0.736244,2.740758
201,0.500000,0.824490,0.430529,1.460426
201,0.520000,0.711560,0.406776,1.472861
201,0.540000,0.820589,0.424013,1.519759
201,0.560000,0.913829,0.464986,1.421313
201,0.580000,0.875594,0.422758,1.694141
201,0.600000,0.968992,0.502700,1.861031
201,0.620000,0.986634,0.495031,1.855775
201,0.640000,1.030463,0.508767,1.505846
201,0.660000,0.859334,0.475265,1.762475
201,0.680000,0.946657,0.475016,1.768405
201,0.700000,0.969320,0.484224,1.820825
201,0.720000,0.908033,0.496566,1.867811
201,0.740000,1.121137,0.531300,1.972777
201,0.760000,0.839938,0.576352,2.015804
201,0.780000,1.083258,0.513524,2.029138
201,0.800000,1.259388,0.575098,2.016413
201,0.820000,1.243512,0.604944,2.040662
201,0.840000,1.124987,0.566752,1.829481
201,0.860000,1.214549,0.594235,2.157774
201,0.880000,1.432329,0.644890,2.439468
201,0.900000,1.656762,0.715230,2.644386
201,0.920000,1.473645,0.696577,1.740169
201,0.940000,1.640274,0.666961,2.516531
201,0.960000,1.815221,0.773832,2.800577
201,0.980000,1.701403,0.759636,2.464369
201,1.000000,1.901507,0.755866,2.859471
211,0.500000,0.825556,0.446975,1.701653
211,0.520000,0.774544,0.418629,1.392791
211,0.540000,0.712754,0.410639,1.603730
211,0.560000,1.316505,0.658783,2.481009
211,0.580000,0.817146,0.409808,0.860632
211,0.600000,0.858039,0.427724,1.668022
211,0.620000,1.062139,0.534445,1.989757
211,0.640000,0.956420,0.490665,1.754303
211,0.660000,0.941491,0.382608,1.833201
211,0.680000,0.983501,0.489047,1.828368
211,0.700000,0.924531,0.412306,1.864890
211,0.720000,1.097744,0.516496,2.051365
211,0.740000,1.021737,0.522041,1.958596
211,0.760000,1.223023,0.542794,2.178526
211,0.780000,1.135099,0.524220,1.998926
211,0.800000,1.169466,0.604380,2.227186
211,0.820000,1.231995,0.576623,2.182840
211,0.840000,1.209928,0.601823,1.802339
211,0.860000,1.259268,0.555536,2.210541
211,0.880000,1.288234,0.508104,2.153157
211,0.900000,1.300880,0.604958,2.358027
211,0.920000,1.512010,0.733126,1.890382
211,0.940000,1.398954,0.701986,2.409000
211,0.960000,1.725573,0.719980,2.749072
211,0.980000,1.808589,0.807743,2.972008
211,1.000000,1.675861,0.635959,2.756375
221,0.500000,0.749994,0.395639,1.249837
221,0.520000,0.702916,0.389898,1.509143
221,0.540000,0.818363,0.439807,1.639780
221,0.560000,0.804491,0.398382,1.035438
221,0.580000,0.785307,0.410465,1.606676
221,0.600000,1.019008,0.527669,1.964807
221,0.620000,0.867228,0.463059,1.334539
221,0.640000,0.733805,0.430079,1.616189
221,0.660000,0.923380,0.478159,1.661829
221,0.680000,0.888244,0.478771,1.756013
221,0.700000,1.063069,0.517332,1.943656
221,0.720000,1.010509,0.532870,2.017998
221,0.740000,1.168240,0.582961,2.155168
221,0.760000,1.094126,0.553901,2.031666
221,0.780000,1.176661,0.573319,2.097922
221,0.800000,1.370990,0.642473,2.299616
221,0.820000,1.184638,0.608769,2.172212
221,0.840000,1.247739,0.614174,2.118338
221,0.860000,0.819680,0.591910,2.202308
221,0.880000,1.018970,0.574524,1.664334
221,0.900000,1.167674,0.617414,2.261536
221,0.920000,1.418832,0.634389,2.441298
221,0.940000,1.662401,0.663875,2.756419
221,0.960000,1.718053,0.778189,2.367622
221,0.980000,1.666996,0.721450,2.629553
221,1.000000,1.862694,0.770591,2.830597
231,0.500000,0.718496,0.404663,1.556954
231,0.520000,0.786066,0.427741,1.311217
231,0.540000,0.597672,0.391052,1.475579
231,0.560000,0.793204,0.440058,1.489527
231,0.580000,0.736782,0.440627,1.541402
231,0.600000,0.728744,0.404629,1.497958
231,0.620000,1.039164,0.540151,1.956774
231,0.640000,0.892861,0.441911,1.624250
231,0.660000,0.822222,0.462138,1.365661
231,0.680000,0.874218,0.474389,1.680624
231,0.700000,0.759151,0.460206,1.661338
231,0.720000,0.957512,0.597839,2.191624
231,0.740000,1.026345,0.454579,1.924564
231,0.760000,0.996953,0.536560,2.014210
231,0.780000,1.100858,0.437225,1.844161
231,0.800000,0.978375,0.532455,1.698770
231,0.820000,1.018166,0.526451,1.944902
231,0.840000,1.190177,0.577532,2.242868
231,0.860000,1.327441,0.482252,2.221900
231,0.880000,1.217863,0.614015,2.268516
231,0.900000,1.380136,0.668880,2.370291
231,0.920000,1.398703,0.631468,2.123257
231,0.940000,1.417943,0.624646,2.341722
231,0.960000,1.497082,0.604472,2.331264
231,0.980000,1.660880,0.650627,2.660315
231,1.000000,1.650435,0.712926,2.405855
241,0.500000,0.724764,0.398189,1.593969
241,0.520000,0.773367,0.431938,1.561777
241,0.540000,0.703240,0.402742,1.565969
241,0.560000,0.646185,0.460132,1.766350
241,0.580000,0.829576,0.422261,1.693742
241,0.600000,0.847598,0.438560,1.695159
241,0.620000,0.885202,0.474900,1.799149
241,0.640000,0.921056,0.434458,1.858350
241,0.660000,0.765576,0.433764,1.727747
241,0.680000,1.005966,0.520868,2.001712
241,0.700000,0.964565,0.516006,1.974332
241,0.720000,1.102222,0.578221,2.248382
241,0.740000,1.002797,0.512947,1.911517
241,0.760000,0.966180,0.492405,1.843096
241,0.780000,1.015575,0.481572,2.033174
241,0.800000,1.022114,0.589857,1.728938
241,0.820000,1.015610,0.555201,1.744653
241,0.840000,1.185390,0.598551,2.072674
241,0.860000,1.184169,0.552963,2.115758
241,0.880000,1.207379,0.601561,2.341695
241,0.900000,1.390796,0.673022,2.592102
241,0.920000,1.483655,0.716079,2.703388
241,0.940000,1.403646,0.694313,2.439639
241,0.960000,1.526801,0.669354,2.673341
241,0.980000,1.664078,0.750792,2.915729
241,1.000000,1.565690,0.747584,2.830870
251,0.500000,0.739167,0.393986,1.569609
251,0.520000,0.805699,0.427216,1.594782
251,0.540000,0.762191,0.434746,1.603998
251,0.560000,0.797796,0.431427,1.508484
251,0.580000,0.868058,0.476595,1.583671
251,0.600000,0.744221,0.429882,1.643580
251,0.620000,0.851765,0.474596,1.816150
251,0.640000,0.949649,0.435957,1.812752
251,0.660000,0.874301,0.471201,1.779430
251,0.680000,0.814530,0.471184,1.830152
251,0.700000,0.966236,0.530801,2.030270
251,0.720000,1.069463,0.544931,2.091144
251,0.740000,0.899467,0.505589,1.798422
251,0.760000,0.908674,0.545198,1.854281
251,0.780000,0.927967,0.529457,1.774203
251,0.800000,1.094333,0.571857,2.014698
251,0.820000,0.944986,0.535656,1.818850
251,0.840000,1.085007,0.579316,2.060730
251,0.860000,1.233517,0.503522,2.136277
251,0.880000,1.141341,0.569796,2.252942
251,0.900000,1.240990,0.625489,2.409161
251,0.920000,1.381294,0.675943,2.597315
251,0.940000,1.072272,0.620321,2.205361
251,0.960000,1.439864,0.665536,2.545355
251,0.980000,1.600457,0.702681,2.764529
251,1.000000,1.591227,0.747847,2.604845
261,0.500000,0.704839,0.403441,1.608148
261,0.520000,0.766693,0.420169,1.570728
261,0.540000,0.743149,0.425151,1.612753
261,0.560000,0.795527,0.438651,1.676678
261,0.580000,0.819323,0.460019,1.568645
261,0.600000,0.679627,0.445968,1.680845
261,0.620000,0.812924,0.466678,1.779451
261,0.640000,0.854569,0.382688,1.777455
261,0.660000,0.791031,0.389468,1.640491
261,0.680000,0.968936,0.508284,2.005342
261,0.700000,0.929240,0.487748,1.725334
261,0.720000,0.901440,0.540131,1.831821
261,0.740000,1.060849,0.519212,2.188732
261,0.760000,1.042633,0.537414,2.112956
261,0.780000,1.025989,0.551909,2.165326
261,0.800000,1.122735,0.454934,2.218649
261,0.820000,0.965856,0.510546,1.997331
261,0.840000,1.280160,0.651753,2.524411
261,0.860000,1.333633,0.635357,2.578705
261,0.880000,1.329197,0.641337,2.503667
261,0.900000,1.213075,0.580364,2.381865
261,0.920000,1.317861,0.660223,2.407986
261,0.940000,1.245045,0.661801,2.172729
261,0.960000,1.444960,0.674323,2.520054
261,0.980000,1.589680,0.723545,2.927567
261,1.000000,1.518972,0.710592,2.500671
271,0.500000,0.599942,0.403690,1.526758
271,0.520000,0.733181,0.404602,1.582272
271,0.540000,0.648103,0.378892,1.515048
271,0.560000,0.724335,0.429307,1.496301
271,0.580000,0.669837,0.418633,1.612344
271,0.600000,0.837143,0.464912,1.812331
271,0.620000,0.891357,0.483733,1.558109
271,0.640000,0.800954,0.456066,1.739140
271,0.660000,0.812194,0.438518,1.658404
271,0.680000,0.848077,0.478781,1.604233
271,0.700000,0.878968,0.450267,1.875403
271,0.720000,0.821013,0.454819,1.865519
271,0.740000,0.905626,0.494401,1.919267
271,0.760000,1.026566,0.508093,2.073565
271,0.780000,0.957585,0.508605,2.014058
271,0.800000,1.121652,0.595005,2.221036
271,0.820000,1.161940,0.616384,2.350718
271,0.840000,1.132796,0.592065,2.338425
271,0.860000,1.247567,0.608260,2.450915
271,0.880000,1.248957,0.595937,2.378980
271,0.900000,1.063632,0.618127,2.318494
271,0.920000,1.181794,0.643880,2.286005
271,0.940000,1.309555,0.647638,2.474888
271,0.960000,1.531841,0.584316,2.828309
271,0.980000,1.549235,0.728865,2.876508
271,1.000000,1.514137,0.748236,2.458402
281,0.500000,0.618254,0.387571,1.376788
281,0.520000,0.705354,0.430556,1.440106
281,0.540000,0.596482,0.391720,1.497291
281,0.560000,0.796469,0.456030,1.680724
281,0.580000,0.772684,0.471650,1.764249
281,0.600000,0.613689,0.456590,1.773768
281,0.620000,0.875852,0.420151,1.793888
281,0.640000,0.815340,0.481587,1.900173
281,0.660000,0.833868,0.499414,1.902812
281,0.680000,0.868942,0.404816,1.741478
281,0.700000,0.849249,0.504723,1.874484
281,0.720000,0.810423,0.463081,1.837555
281,0.740000,0.868314,0.504940,1.960853
281,0.760000,1.034531,0.552478,2.172668
281,0.780000,1.062750,0.536858,2.205158
281,0.800000,1.044486,0.587524,2.234255
281,0.820000,1.116158,0.579311,2.264536
281,0.840000,1.065683,0.592679,2.343866
281,0.860000,1.271973,0.621898,2.393602
281,0.880000,1.208189,0.621138,2.329282
281,0.900000,1.022224,0.616734,2.150148
281,0.920000,1.160989,0.638602,2.361512
281,0.940000,1.225737,0.660504,2.319433
281,0.960000,1.348862,0.597207,2.562836
281,0.980000,1.434795,0.589997,2.532859
281,1.000000,1.497466,0.753932,2.876455
291,0.500000,0.604917,0.385329,1.448730
291,0.520000,0.693271,0.434340,1.454301
291,0.540000,0.636271,0.399967,1.506791
291,0.560000,0.742106,0.363106,1.721038
291,0.580000,0.610856,0.384010,1.513223
291,0.600000,0.794739,0.479847,1.606678
291,0.620000,0.676155,0.425584,1.660582
291,0.640000,0.724552,0.481256,1.910054
291,0.660000,0.901534,0.481676,1.777402
291,0.680000,0.785367,0.493021,1.845815
291,0.700000,0.728683,0.459625,1.778015
291,0.720000,0.947840,0.545007,2.113716
291,0.740000,0.904612,0.464687,2.079757
291,0.760000,0.944906,0.523455,1.896187
291,0.780000,0.953265,0.446037,2.001362
291,0.800000,0.838480,0.503198,1.429233
291,0.820000,0.992908,0.555501,2.183461
291,0.840000,0.919177,0.559113,2.131003
291,0.860000,0.917961,0.572620,2.104447
291,0.880000,1.087247,0.635682,1.864444
291,0.900000,0.976636,0.590352,2.134716
291,0.920000,1.039946,0.500560,2.183997
291,0.940000,1.381124,0.666667,2.761485
291,0.960000,1.445745,0.708886,2.785356
291,0.980000,1.151949,0.759074,2.978048
291,1.000000,1.246603,0.691350,2.358953
301,0.500000,0.618365,0.396443,1.524330
301,0.520000,0.651804,0.422979,1.394159
301,0.540000,0.633011,0.435396,1.675488
301,0.560000,0.754873,0.441074,1.615302
301,0.580000,0.649975,0.414562,1.560361
301,0.600000,0.713598,0.442132,1.436349
301,0.620000,0.602042,0.428061,1.645732
301,0.640000,0.706067,0.417414,1.721246
301,0.660000,0.808764,0.433896,1.629801
301,0.680000,0.833012,0.433969,1.690313
301,0.700000,0.786994,0.467118,1.737622
301,0.720000,0.817830,0.494145,1.779633
301,0.740000,0.992393,0.450627,1.887496
301,0.760000,0.915987,0.517126,1.488637
301,0.780000,0.799526,0.507113,1.426149
301,0.800000,0.614964,0.539074,2.021166
301,0.820000,0.904737,0.532086,1.978097
301,0.840000,1.124828,0.596704,2.275864
301,0.860000,0.990828,0.576234,2.153834
301,0.880000,0.889803,0.567583,2.076718
301,0.900000,1.182891,0.665242,2.395842
301,0.920000,1.020275,0.620910,1.933261
301,0.940000,1.109243,0.577726,2.198711
301,0.960000,1.338281,0.686059,2.584045
301,0.980000,1.408916,0.676758,2.680887
301,1.000000,1.380326,0.762819,2.923476
311,0.500000,0.578959,0.378773,1.437616
311,0.520000,0.586749,0.364523,1.490136
311,0.540000,0.618487,0.410170,1.584574
311,0.560000,0.628153,0.419976,1.516663
311,0.580000,0.622525,0.395631,1.522804
311,0.600000,0.805270,0.443236,1.707448
311,0.620000,0.670444,0.422118,1.641207
311,0.640000,0.829736,0.476743,1.789401
311,0.660000,0.715703,0.440362,1.813519
311,0.680000,0.696626,0.379930,1.686477
311,0.700000,0.788774,0.495248,1.717973
311,0.720000,0.780523,0.473532,1.837996
311,0.740000,0.846444,0.512698,1.941906
311,0.760000,0.722475,0.403616,1.743277
311,0.780000,0.897320,0.507557,1.963613
311,0.800000,0.996708,0.493864,2.129788
311,0.820000,0.926753,0.533510,2.081920
311,0.840000,1.058829,0.477261,2.122660
311,0.860000,0.991505,0.540638,2.174343
311,0.880000,1.016012,0.473021,2.152428
311,0.900000,1.126803,0.597745,2.311539
311,0.920000,1.206805,0.596529,2.486779
311,0.940000,1.141765,0.520705,2.379246
311,0.960000,1.324752,0.686301,2.631061
311,0.980000,1.414848,0.749636,2.772507
311,1.000000,1.363527,0.730821,2.852927
321,0.500000,0.621944,0.405829,1.536295
321,0.520000,0.662403,0.428419,1.458240
321,0.540000,0.548769,0.385372,1.444875
321,0.560000,0.754604,0.450430,1.612234
321,0.580000,0.592217,0.347035,1.465247
321,0.600000,0.710246,0.427555,1.605508
321,0.620000,0.630331,0.429999,1.469707
321,0.640000,0.743848,0.474402,1.809396
321,0.660000,0.889861,0.523470,1.744771
321,0.680000,0.617410,0.474954,1.786903
321,0.700000,0.811161,0.438657,1.888840
321,0.720000,0.748757,0.475632,1.544823
321,0.740000,0.649339,0.511370,1.997316
321,0.760000,0.951318,0.542884,2.059685
321,0.780000,0.886384,0.541496,2.038166
321,0.800000,0.997270,0.496862,2.258704
321,0.820000,0.963115,0.541799,2.071441
321,0.840000,0.942219,0.511512,1.983481
321,0.860000,1.062937,0.580247,2.134174
321,0.880000,1.078857,0.590255,2.119063
321,0.900000,1.039235,0.620251,2.188106
321,0.920000,1.118607,0.589115,2.369773
321,0.940000,1.247583,0.673912,2.506588
321,0.960000,1.192822,0.675245,2.488784
321,0.980000,1.265404,0.704183,2.625777
321,1.000000,1.458579,0.779825,2.726415
331,0.500000,0.607379,0.419594,1.635440
331,0.520000,0.691177,0.438112,1.689901
331,0.540000,0.626553,0.407441,1.611134
331,0.560000,0.630321,0.401056,1.543023
331,0.580000,0.611471,0.384695,1.567750
331,0.600000,0.630628,0.413429,1.435724
331,0.620000,0.644435,0.414795,1.583444
331,0.640000,0.818212,0.477303,1.720792
331,0.660000,0.753184,0.472263,1.830230
331,0.680000,0.808936,0.527306,2.082788
331,0.700000,0.747641,0.476717,1.412951
331,0.720000,0.663382,0.450349,1.777050
331,0.740000,0.669008,0.537453,2.092503
331,0.760000,0.968673,0.533631,2.150007
331,0.780000,0.793938,0.491010,1.740215
331,0.800000,0.900471,0.567932,1.924008
331,0.820000,0.788061,0.541547,1.997331
331,0.840000,0.917997,0.571616,2.194736
331,0.860000,0.869030,0.564855,2.078159
331,0.880000,0.818090,0.587151,2.261720
331,0.900000,0.923692,0.604792,1.887946
331,0.920000,1.054175,0.637608,2.387880
331,0.940000,1.149350,0.704014,2.144709
331,0.960000,1.043901,0.618554,2.255566
331,0.980000,1.084673,0.618281,2.398527
331,1.000000,1.370015,0.754781,2.908281
341,0.500000,0.689807,0.448539,1.508931
341,0.520000,0.527526,0.434499,1.591740
341,0.540000,0.672779,0.451950,1.798008
341,0.560000,0.674928,0.441487,1.632511
341,0.580000,0.613388,0.410734,1.511032
341,0.600000,0.637076,0.448628,1.638259
341,0.620000,0.739091,0.375686,1.763172
341,0.640000,0.682531,0.405776,1.650207
341,0.660000,0.700309,0.449365,1.561296
341,0.680000,0.755765,0.473030,1.792258
341,0.700000,0.867273,0.520932,1.936229
341,0.720000,0.850040,0.534494,1.582888
341,0.740000,0.664576,0.469477,1.737516
341,0.760000,0.643846,0.510658,2.030865
341,0.780000,0.913334,0.511199,2.091985
341,0.800000,0.864477,0.508137,1.981257
341,0.820000,1.008152,0.587121,2.151281
341,0.840000,0.901123,0.547066,2.031368
341,0.860000,0.935010,0.582066,2.093290
341,0.880000,1.065251,0.591778,2.317654
341,0.900000,1.028624,0.629687,2.471319
341,0.920000,1.191866,0.692032,2.645726
341,0.940000,1.200534,0.710052,2.608639
341,0.960000,1.048548,0.639293,2.214859
341,0.980000,1.045856,0.682230,2.385750
341,1.000000,1.157508,0.627983,2.560670
351,0.500000,0.625803,0.419082,1.610450
351,0.520000,0.677786,0.434870,1.598618
351,0.540000,0.638389,0.423483,1.639830
351,0.560000,0.718232,0.446904,1.624605
351,0.580000,0.665752,0.430747,1.582077
351,0.600000,0.746327,0.457378,1.721593
351,0.620000,0.708054,0.455626,1.690665
351,0.640000,0.633550,0.478682,1.693640
351,0.660000,0.751787,0.489091,1.726048
351,0.680000,0.721849,0.454265,1.764834
351,0.700000,0.720079,0.467926,1.770113
351,0.720000,0.742098,0.481562,1.370750
351,0.740000,0.783716,0.493538,1.871280
351,0.760000,0.764643,0.410858,1.899643
351,0.780000,0.820441,0.463290,1.961493
351,0.800000,0.941912,0.564994,1.745612
351,0.820000,0.841472,0.536150,1.615159
351,0.840000,0.797913,0.533661,2.022535
351,0.860000,0.840190,0.571764,2.220814
351,0.880000,0.992582,0.620489,2.343034
351,0.900000,0.884741,0.588166,2.165889
351,0.920000,0.922405,0.654110,2.463252
351,0.940000,0.988648,0.611418,2.036935
351,0.960000,1.018215,0.645203,2.412416
351,0.980000,1.217560,0.682636,2.598744
351,1.000000,1.424744,0.786782,2.995728
361,0.500000,0.635966,0.418786,1.346627
361,0.520000,0.591834,0.386139,1.470569
361,0.540000,0.634515,0.432822,1.361893
361,0.560000,0.541373,0.410778,1.565848
361,0.580000,0.640892,0.444088,1.709003
361,0.600000,0.605179,0.397775,1.627489
361,0.620000,0.623610,0.427497,1.567302
361,0.640000,0.590526,0.436084,1.681051
361,0.660000,0.733637,0.480464,1.610246
361,0.680000,0.629750,0.443855,1.717936
361,0.700000,0.800136,0.495285,2.015122
361,0.720000,0.846673,0.541799,1.839433
361,0.740000,0.697475,0.482672,1.882872
361,0.760000,0.746206,0.491668,1.965813
361,0.780000,0.898818,0.481371,2.106143
361,0.800000,0.838618,0.517096,2.107722
361,0.820000,0.915828,0.579194,2.040494
361,0.840000,0.834897,0.432942,2.083607
361,0.860000,0.810131,0.558006,1.806791
361,0.880000,0.994985,0.619974,2.359791
361,0.900000,0.894655,0.564340,2.151936
361,0.920000,0.933456,0.618788,1.949598
361,0.940000,1.038111,0.646838,2.182281
361,0.960000,1.133447,0.651462,2.518274
361,0.980000,1.192630,0.651811,2.614162
361,1.000000,1.269343,0.748045,2.950856
371,0.500000,0.536499,0.413899,1.271589
371,0.520000,0.454956,0.380813,1.542122
371,0.540000,0.533934,0.414491,1.549901
371,0.560000,0.618418,0.396446,1.204894
371,0.580000,0.571002,0.389489,1.481537
371,0.600000,0.691050,0.464925,1.526034
371,0.620000,0.569391,0.429779,1.633269
371,0.640000,0.702696,0.394491,1.567154
371,0.660000,0.615266,0.406309,1.592507
371,0.680000,0.711528,0.472765,1.807113
371,0.700000,0.709945,0.398630,1.859646
371,0.720000,0.752149,0.475156,1.907375
371,0.740000,0.883727,0.553069,2.174060
371,0.760000,0.774667,0.517180,1.553661
371,0.780000,0.687545,0.500783,1.957417
371,0.800000,0.889133,0.556128,2.190240
371,0.820000,0.851619,0.548211,2.167670
371,0.840000,0.950564,0.552171,2.220368
371,0.860000,0.957897,0.608426,2.407501
371,0.880000,1.136228,0.681716,2.667618
371,0.900000,0.963016,0.502408,2.366132
371,0.920000,1.095174,0.631261,2.480101
371,0.940000,1.107628,0.669052,2.666603
371,0.960000,1.073015,0.607706,2.529515
371,0.980000,1.253784,0.698455,2.778194
371,1.000000,1.313063,0.768941,2.983963
381,0.500000,0.504484,0.379190,1.471748
381,0.520000,0.560724,0.398244,1.536909
381,0.540000,0.640659,0.463371,1.423037
381,0.560000,0.591698,0.416628,1.681431
381,0.580000,0.649977,0.448640,1.551830
381,0.600000,0.524994,0.452496,1.691560
381,0.620000,0.676279,0.459665,1.837615
381,0.640000,0.686405,0.464386,1.862368
381,0.660000,0.754644,0.521424,1.854966
381,0.680000,0.678952,0.453720,1.742710
381,0.700000,0.744106,0.504117,1.910274
381,0.720000,0.771180,0.534682,1.619785
381,0.740000,0.558962,0.519568,2.052287
381,0.760000,0.862178,0.524898,2.114969
381,0.780000,0.863027,0.467898,2.088743
381,0.800000,0.734479,0.518260,1.911108
381,0.820000,0.609938,0.565345,2.135796
381,0.840000,0.995474,0.501557,2.382118
381,0.860000,0.845231,0.565118,1.988595
381,0.880000,0.898773,0.522604,1.925254
381,0.900000,0.874433,0.613813,1.944613
381,0.920000,0.839268,0.626918,2.384995
381,0.940000,0.908571,0.644393,1.575812
381,0.960000,1.069862,0.672253,2.334064
381,0.980000,1.135557,0.686849,2.646566
381,1.000000,1.252825,0.708082,2.943592
391,0.500000,0.551325,0.385135,1.452797
391,0.520000,0.534791,0.373371,1.547970
391,0.540000,0.612905,0.435647,1.721999
391,0.560000,0.624404,0.424732,1.528330
391,0.580000,0.548558,0.373633,1.473483
391,0.600000,0.617661,0.439503,1.286794
391,0.620000,0.559266,0.359511,1.551041
391,0.640000,0.636815,0.434772,1.604827
391,0.660000,0.625005,0.442417,1.750225
391,0.680000,0.665487,0.536287,1.926418
391,0.700000,0.640260,0.464468,1.722904
391,0.720000,0.819409,0.536509,2.124396
391,0.740000,0.853141,0.552267,1.975011
391,0.760000,0.631383,0.477035,1.864709
391,0.780000,0.712863,0.471095,1.948995
391,0.800000,0.908502,0.565218,2.341476
391,0.820000,0.799032,0.555680,2.191665
391,0.840000,0.908863,0.524484,2.198363
391,0.860000,0.871922,0.568789,2.181362
391,0.880000,0.936267,0.526501,2.114322
391,0.900000,0.846192,0.583681,1.855749
391,0.920000,1.030653,0.666053,2.103164
391,0.940000,0.942873,0.537336,2.175937
391,0.960000,1.068221,0.579497,2.308296
391,0.980000,1.076400,0.598162,2.490898
391,1.000000,1.130312,0.610970,2.839388
401,0.500000,0.545991,0.384710,1.456770
401,0.520000,0.652482,0.447419,1.574928
401,0.540000,0.577988,0.410137,1.567739
401,0.560000,0.606968,0.445339,1.418832
401,0.580000,0.518779,0.344845,1.379277
401,0.600000,0.589352,0.422108,1.526409
401,0.620000,0.634571,0.439297,1.464870
401,0.640000,0.626887,0.445680,1.729789
401,0.660000,0.721395,0.501061,1.812187
401,0.680000,0.631370,0.457787,1.685438
401,0.700000,0.585596,0.430952,1.702975
401,0.720000,0.705241,0.507675,1.636212
401,0.740000,0.597945,0.502672,1.927114
401,0.760000,0.860390,0.541863,2.137233
401,0.780000,0.846042,0.455317,2.212531
401,0.800000,0.765561,0.524040,1.935427
401,0.820000,0.714888,0.496827,1.894716
401,0.840000,0.927882,0.614312,2.353801
401,0.860000,0.866707,0.573725,2.210916
401,0.880000,1.058768,0.645183,2.338263
401,0.900000,0.938051,0.611424,2.387871
401,0.920000,1.066789,0.618904,2.590650
401,0.940000,1.086667,0.655486,2.568345
401,0.960000,1.017168,0.661762,2.524459
401,0.980000,1.238906,0.744719,2.817209
401,1.000000,1.236793,0.744264,2.869538
411,0.500000,0.545086,0.398119,1.481610
411,0.520000,0.512532,0.381800,1.423311
411,0.540000,0.574813,0.421143,1.378716
411,0.560000,0.578931,0.409859,1.607097
411,0.580000,0.662347,0.472843,1.862990
411,0.600000,0.677921,0.461413,1.741467
411,0.620000,0.652144,0.427403,1.757691
411,0.640000,0.739612,0.520246,1.933986
411,0.660000,0.617599,0.446974,1.744621
411,0.680000,0.709255,0.475737,1.865491
411,0.700000,0.667115,0.501074,1.966438
411,0.720000,0.730719,0.496468,1.964638
411,0.740000,0.805793,0.539113,2.055399
411,0.760000,0.693185,0.495995,1.916785
411,0.780000,0.662071,0.532302,2.031979
411,0.800000,0.887989,0.535627,2.251091
411,0.820000,0.806511,0.538096,1.891833
411,0.840000,0.739646,0.534398,1.679565
411,0.860000,0.856279,0.605072,2.316870
411,0.880000,0.775770,0.567402,2.054097
411,0.900000,0.899081,0.571822,2.279115
411,0.920000,0.837064,0.580556,2.248709
411,0.940000,0.889567,0.599608,2.223053
411,0.960000,1.008489,0.668695,2.536847
411,0.980000,0.886882,0.628330,2.349994
411,1.000000,0.986434,0.661758,2.430193
421,0.500000,0.440942,0.407584,1.621362
421,0.520000,0.494087,0.386781,1.537550
421,0.540000,0.586386,0.390331,1.641756
421,0.560000,0.558001,0.418789,1.612275
421,0.580000,0.611099,0.448389,1.721654
421,0.600000,0.661935,0.467283,1.677625
421,0.620000,0.641472,0.451378,1.807261
421,0.640000,0.679499,0.476625,1.642389
421,0.660000,0.638037,0.461021,1.852540
421,0.680000,0.686040,0.449902,1.862005
421,0.700000,0.701473,0.489094,1.957136
421,0.720000,0.730464,0.501568,2.076707
421,0.740000,0.773306,0.530909,1.882859
421,0.760000,0.672901,0.486776,1.918760
421,0.780000,0.729287,0.470294,2.016888
421,0.800000,0.865407,0.560448,2.319840
421,0.820000,0.857051,0.574035,2.157831
421,0.840000,0.742120,0.522586,1.736755
421,0.860000,0.719414,0.549228,2.156575
421,0.880000,0.735388,0.547513,1.883694
421,0.900000,0.884939,0.578022,2.262059
421,0.920000,0.822875,0.578801,2.338991
421,0.940000,0.973058,0.638261,2.589849
421,0.960000,1.022932,0.646276,2.724074
421,0.980000,0.877923,0.596284,2.482898
421,1.000000,1.082980,0.707997,2.789041
431,0.500000,0.543903,0.406899,1.587997
431,0.520000,0.529144,0.395709,1.501172
431,0.540000,0.604006,0.444876,1.384984
431,0.560000,0.551646,0.406164,1.591956
431,0.580000,0.616337,0.442572,1.602939
431,0.600000,0.581286,0.427207,1.715734
431,0.620000,0.585978,0.432291,1.676622
431,0.640000,0.589700,0.440473,1.598963
431,0.660000,0.498453,0.418126,1.571115
431,0.680000,0.627771,0.461482,1.531776
431,0.700000,0.576669,0.444909,1.696363
431,0.720000,0.607181,0.438256,1.702051
431,0.740000,0.768516,0.529005,1.928679
431,0.760000,0.714749,0.521394,1.914439
431,0.780000,0.640414,0.386407,1.752415
431,0.800000,0.737037,0.526565,1.654838
431,0.820000,0.722078,0.527134,1.938485
431,0.840000,0.674720,0.547404,2.088695
431,0.860000,0.745743,0.485326,2.048087
431,0.880000,0.843587,0.577951,2.256061
431,0.900000,0.887586,0.600249,2.292334
431,0.920000,1.056984,0.685782,2.623873
431,0.940000,0.925932,0.520489,2.250760
431,0.960000,1.020576,0.654398,2.524166
431,0.980000,0.968409,0.638339,2.471713
431,1.000000,1.136276,0.621105,2.756113
441,0.500000,0.569022,0.411508,1.527322
441,0.520000,0.534485,0.397466,1.236970
441,0.540000,0.496973,0.378129,1.474262
441,0.560000,0.583137,0.433269,1.668284
441,0.580000,0.636657,0.455820,1.568763
441,0.600000,0.569309,0.416240,1.661758
441,0.620000,0.591141,0.464817,1.661012
441,0.640000,0.510705,0.416783,1.563876
441,0.660000,0.655215,0.485616,1.885427
441,0.680000,0.597520,0.388816,1.622200
441,0.700000,0.606987,0.443973,1.778048
441,0.720000,0.646652,0.498868,1.876550
441,0.740000,0.684421,0.511506,1.578296
441,0.760000,0.511842,0.490347,1.898150
441,0.780000,0.721214,0.512448,1.979230
441,0.800000,0.767159,0.555363,1.887620
441,0.820000,0.739565,0.517752,1.977873
441,0.840000,0.789615,0.559861,2.195997
441,0.860000,0.946324,0.635081,2.442303
441,0.880000,0.843451,0.498459,2.125918
441,0.900000,0.874566,0.586400,2.158343
441,0.920000,0.808513,0.599273,1.849008
441,0.940000,0.936007,0.644948,1.972547
441,0.960000,0.809678,0.524410,2.084037
441,0.980000,1.025013,0.688615,2.316349
441,1.000000,0.974345,0.662043,2.520374
451,0.500000,0.429673,0.389753,1.519712
451,0.520000,0.588133,0.453335,1.706641
451,0.540000,0.585257,0.430140,1.351438
451,0.560000,0.491366,0.387626,1.535292
451,0.580000,0.555832,0.420860,1.595649
451,0.600000,0.625675,0.473493,1.545951
451,0.620000,0.550549,0.444917,1.663285
451,0.640000,0.667529,0.453941,1.656315
451,0.660000,0.625613,0.468415,1.861523
451,0.680000,0.714039,0.494973,1.659843
451,0.700000,0.486997,0.485941,1.845231
451,0.720000,0.661845,0.475669,1.660881
451,0.740000,0.662696,0.486085,1.929385
451,0.760000,0.786236,0.571027,2.206466
451,0.780000,0.665734,0.500108,2.010050
451,0.800000,0.683006,0.501343,1.943983
451,0.820000,0.859519,0.563924,2.286575
451,0.840000,0.826918,0.494760,2.041729
451,0.860000,0.826024,0.594517,2.187384
451,0.880000,0.745076,0.557510,2.223943
451,0.900000,0.902334,0.596458,2.439861
451,0.920000,0.895406,0.630169,2.461227
451,0.940000,1.006228,0.661754,2.578753
451,0.960000,0.949269,0.644520,2.530405
451,0.980000,0.977528,0.583877,2.550947
451,1.000000,1.126750,0.683154,2.671685
461,0.500000,0.478702,0.368657,1.414644
461,0.520000,0.497707,0.388960,1.481211
461,0.540000,0.532295,0.421042,1.651811
461,0.560000,0.527256,0.407563,1.521326
461,0.580000,0.493424,0.405385,1.307418
461,0.600000,0.588094,0.446857,1.826401
461,0.620000,0.647238,0.520646,2.006762
461,0.640000,0.634185,0.473812,1.858666
461,0.660000,0.632714,0.470020,1.878155
461,0.680000,0.638405,0.473683,1.849927
461,0.700000,0.696480,0.531139,2.042753
461,0.720000,0.610538,0.508626,2.058505
461,0.740000,0.704921,0.427686,2.073913
461,0.760000,0.713633,0.511177,2.077659
461,0.780000,0.808372,0.562224,1.931552
461,0.800000,0.597812,0.458390,1.918313
461,0.820000,0.654569,0.499118,1.971029
461,0.840000,0.820190,0.539106,2.196002
461,0.860000,0.843504,0.582994,2.247090
461,0.880000,0.731772,0.512404,1.872026
461,0.900000,0.868950,0.633785,2.388938
461,0.920000,0.735634,0.590453,2.200450
461,0.940000,0.720907,0.607159,2.387447
461,0.960000,0.800726,0.608114,2.375892
461,0.980000,0.982445,0.696315,2.600021
461,1.000000,1.004181,0.689040,2.262204
471,0.500000,0.444915,0.365086,1.387557
471,0.520000,0.512884,0.407676,1.550276
471,0.540000,0.537501,0.431324,1.649347
471,0.560000,0.522897,0.409522,1.304063
471,0.580000,0.490750,0.424248,1.657990
471,0.600000,0.514618,0.446719,1.644983
471,0.620000,0.614312,0.452683,1.779400
471,0.640000,0.583131,0.386327,1.751075
471,0.660000,0.576343,0.445379,1.644155
471,0.680000,0.628087,0.467445,1.866577
471,0.700000,0.647038,0.513990,1.936234
471,0.720000,0.609604,0.401177,1.771926
471,0.740000,0.650285,0.503333,1.911268
471,0.760000,0.621267,0.434028,1.896758
471,0.780000,0.665242,0.475648,1.584170
471,0.800000,0.660781,0.515906,1.966499
471,0.820000,0.756506,0.559371,2.192655
471,0.840000,0.866890,0.541790,2.311060
471,0.860000,0.853374,0.645814,1.930855
471,0.880000,0.744323,0.563622,0.965064
471,0.900000,0.856630,0.578178,2.128042
471,0.920000,0.816993,0.595415,2.356979
471,0.940000,0.985683,0.664739,2.539009
471,0.960000,0.842746,0.614772,2.402073
471,0.980000,1.088733,0.706495,2.782723
471,1.000000,1.113549,0.717204,2.761544
481,0.500000,0.451653,0.379329,1.271069
481,0.520000,0.445747,0.399422,1.332637
481,0.540000,0.482473,0.340117,1.380561
481,0.560000,0.516704,0.400188,1.479869
481,0.580000,0.560741,0.453259,1.774277
481,0.600000,0.562540,0.445545,1.464112
481,0.620000,0.450968,0.415963,1.639693
481,0.640000,0.552567,0.446606,1.745733
481,0.660000,0.670924,0.489295,1.785089
481,0.680000,0.598112,0.453229,1.711493
481,0.700000,0.610666,0.515361,1.834036
481,0.720000,0.621290,0.478604,1.788853
481,0.740000,0.750425,0.534003,2.070305
481,0.760000,0.663855,0.509242,1.847213
481,0.780000,0.564904,0.472951,1.763947
481,0.800000,0.752454,0.548578,2.196073
481,0.820000,0.651870,0.515219,1.631773
481,0.840000,0.769038,0.554575,2.186595
481,0.860000,0.643934,0.543945,2.078607
481,0.880000,0.826507,0.508740,2.358626
481,0.900000,0.879064,0.602934,2.272670
481,0.920000,0.745159,0.567987,1.683029
481,0.940000,0.872537,0.660928,1.992362
481,0.960000,0.829237,0.631385,1.973246
481,0.980000,0.935348,0.691309,2.118760
481,1.000000,0.909050,0.665502,2.272230
491,0.500000,0.476904,0.388088,1.530259
491,0.520000,0.430676,0.424000,1.678385
491,0.540000,0.427809,0.409588,1.596547
491,0.560000,0.561439,0.440415,1.759622
491,0.580000,0.498269,0.403649,1.403532
491,0.600000,0.459452,0.410810,1.620554
491,0.620000,0.552464,0.419332,1.683948
491,0.640000,0.568534,0.440192,1.780942
491,0.660000,0.621245,0.470772,1.916630
491,0.680000,0.794967,0.634558,1.881392
491,0.700000,0.567285,0.459891,1.740550
491,0.720000,0.685545,0.485263,1.820149
491,0.740000,0.656329,0.492882,1.736970
491,0.760000,0.711429,0.525590,2.037484
491,0.780000,0.690899,0.523039,2.100102
491,0.800000,0.657076,0.544261,2.141613
491,0.820000,0.723085,0.476081,1.942888
491,0.840000,0.674831,0.547060,2.155376
491,0.860000,0.745744,0.554276,2.141106
491,0.880000,0.810534,0.584160,2.316963
491,0.900000,0.846260,0.495479,2.372075
491,0.920000,0.818746,0.606219,2.078436
491,0.940000,0.791468,0.589058,2.145603
491,0.960000,0.898965,0.656360,2.078055
491,0.980000,0.765825,0.643390,2.393033
491,1.000000,0.977446,0.691458,2.328726
